hhid,ultra_poor,log_expend,asset_index,weight,cdr,asset_index+log_expend,asset_index+cdr,log_expend+cdr,asset_index+log_expend+cdr
HH4,1.0,5.528926247310706,-0.013782781028328587,4.37253844517179,0.24552702639704355,0.21891974234217243,0.2207072065386498,0.21703847638055826,0.21677065922124816
HH5,0.0,5.415963927116377,-1.2094702490672204,0.7208844834732517,0.2933667967058477,0.21945510704804605,0.22343371741351753,0.22276212911103777,0.22134570650668356
HH10,0.0,4.249065017947558,-1.0646629859421584,0.3783364063329483,0.26170158766925844,0.20883249259475894,0.22176431552030487,0.22007298119212731,0.2117082038326799
HH14,0.0,4.181392724920286,0.025622555966836345,0.18298770406229448,0.11845738322321965,0.21237311653835877,0.21942988752534892,0.20770210949741266,0.20934498626320502
HH20,1.0,3.627370351612265,0.9016341740262782,3.7222086071760794,0.17036061524962773,0.21362870945708343,0.2083998029422423,0.21690322088130384,0.20866553205946678
HH21,0.0,4.142571599063045,1.4811756496485131,0.2703610058956705,0.2117672974138732,0.19821889524991143,0.20628143846046013,0.21073460249309117,0.1982737808057156
HH27,0.0,6.28183644492771,0.5219022010647273,0.1156587866991079,0.1201384932281813,0.20905651671528694,0.21264358942622863,0.19670581683397356,0.19717139945774675
HH28,1.0,4.029920598594662,0.6767919920486914,1.4115346898393881,0.19937139900263728,0.2179535047098984,0.2268331023829668,0.21422518649557631,0.2171558633354463
HH61,0.0,4.2747179530913435,1.0330626933592706,0.07469875405134174,0.16594719892882148,0.23437871554000228,0.21997209288071312,0.22698503004347512,0.22776359317652933
HH66,1.0,6.134898199352543,-1.2368261924512165,2.056683085256501,0.19566657029530013,0.21322681255795564,0.22070779332938367,0.21408390738182703,0.2126998403854927
HH67,0.0,6.102947403048724,0.6605690727984239,0.19289847392446927,0.1309120823975189,0.20932831188934836,0.2230414444231748,0.22044821718538066,0.21436876767707672
HH83,0.0,5.186680760462886,-1.0252372849334943,0.4268841190044504,0.11813089968099852,0.22984576867834344,0.23620756894613054,0.22714128979576742,0.23655912877148919
HH96,1.0,4.300031479880656,0.6159518799541116,3.3516324816008614,0.16271456090311456,0.2314220028920407,0.2244077279453257,0.22966700266851958,0.2301542263515585
HH102,0.0,6.0069338249190904,0.7545162974809274,0.5974581091773405,0.2642425250242449,0.20928921102300876,0.2141415583972139,0.2129150508596986,0.20583981576521831
HH109,0.0,4.98326171165255,2.4925239341769148,0.9026664905811188,0.13767693837839304,0.22608707772875725,0.21961879444334395,0.21434245310720734,0.21642895509803492
HH114,0.0,6.0785712860973495,-0.14268295036078968,0.5752218756010286,0.10529656066934744,0.21489799910486976,0.22095908814131934,0.2124530114063839,0.21226473349305575
HH124,0.0,4.832747430396768,-0.025850362597558817,0.03896705638303699,0.29357675494910473,0.22032092368170883,0.22526612197258705,0.2226314371395678,0.22291011075372455
HH130,0.0,6.407703829083028,0.3684399133826532,0.015404906388893582,0.3311943374044459,0.2038145168966852,0.23699071104275404,0.22539390214736132,0.21850639030446734
HH132,0.0,6.728331911765653,-1.9188805298425229,0.8294561169450407,0.1972033332431052,0.2370208188090685,0.25001076273682293,0.21010262088395196,0.23520480653066794
HH145,1.0,4.4927085514506135,0.5588685693714001,4.8394370697013045,0.16148028544818407,0.2312987049388186,0.21824357973862651,0.22361174836261857,0.22397802613943954
HH151,0.0,4.3867961873689465,0.2600728534499961,0.29630050210165826,0.31856462787601525,0.22756030283626968,0.20668305673327617,0.21090500140066962,0.21013988969640965
HH157,0.0,4.920965322589407,-0.24905099829263005,0.2897069225497291,0.15868753116560802,0.22954485926697482,0.22391665171727249,0.220538767553058,0.2252708628988092
HH159,1.0,4.829249728111717,0.8344608275467652,2.5572787752276844,0.31325775094586905,0.21730725671166937,0.21062256400155305,0.21730367689939337,0.21079741235318167
HH161,0.0,4.791374336505629,1.5117315573477408,0.2707351639562497,0.54170842069088,0.23151139859191397,0.2568356682623929,0.24339295121267557,0.2570976755214627
HH174,0.0,5.820502063726457,1.1267091050771678,0.8371094299795334,0.19558285219767998,0.20984024119025038,0.2083978183126865,0.22341329953492992,0.2082037626095664
HH183,0.0,3.6006440292151676,1.7478468246532777,0.33980105444523256,0.10732432037809553,0.2391367207583153,0.22571769950316375,0.23473505647720758,0.2364801622655084
HH185,0.0,6.59242570733472,-2.333025226505556,0.6846744445940333,0.4249133104513549,0.25701426793351295,0.28494492783726905,0.25404209328119715,0.2845935017880007
HH188,0.0,6.355604128529217,0.21735687309245566,0.4147775012238301,0.1962476164904344,0.20602099991873946,0.22048262644645106,0.2084270174330701,0.2042190937881402
HH190,0.0,6.675501756501932,-1.1981737688678502,0.5811143610344953,0.17212096754953607,0.2035220331199879,0.2155298300776449,0.19858897849943485,0.19770653852236983
HH195,1.0,3.75705569451362,-2.0428461168794114,1.7256612788583654,0.18870772732417693,0.2500230636405574,0.23921968193426635,0.23201791405707897,0.2524309890805796
HH196,1.0,5.027098976459317,1.2745190906920585,2.5861278625202715,0.17342962236532206,0.22565324187638605,0.22635137969180436,0.22334177171333516,0.22476950736520263
HH207,0.0,3.3174988514069303,0.10999618689372667,0.8998442030694036,0.15292443171789094,0.23491942317297687,0.23337355280246747,0.24392588207354357,0.24480861790079944
HH213,0.0,4.6840955641733535,-1.1802200120084605,0.05805799184083137,0.15819368752168772,0.23022056238603872,0.2343981112219639,0.2154662854213058,0.22821757359905928
HH215,0.0,5.773517400371403,-0.6892902679861911,0.2494914388366767,0.2544618320769643,0.22780995866344955,0.2372226179106924,0.22199425539100442,0.23065260764248474
HH218,1.0,5.624447319250431,1.6670745452204778,5.062034642059519,0.17620951560170348,0.2176351915413678,0.22288421144721515,0.21156086734338783,0.21299761209854134
HH221,0.0,6.614796379086026,-1.6802654321767032,0.8444081016417961,0.14945997631499966,0.23924912368656998,0.2200133004564538,0.22800184878622257,0.2300456905693608
HH226,0.0,4.043419991185374,-1.5105260795471285,0.605247067177668,0.2434389170874265,0.25828341241502434,0.24789638163419542,0.23461599885458626,0.26019684218166717
HH227,0.0,5.597939206001115,1.690210438937905,0.8695315272056954,0.1935825628792885,0.2028290119713101,0.20126785585983287,0.2228146004283288,0.2011057732456137
HH229,0.0,5.611095945884914,-0.13462336324462829,0.6976761928234292,0.2391400976647937,0.21685448532485585,0.22718471435195958,0.22001999909314435,0.21992447342155666
HH242,1.0,5.298932379542111,1.1733338953955097,4.7930921808047895,0.19589382392965415,0.20945769874948292,0.20785356106064345,0.22262114251895382,0.20776453765291952
HH243,1.0,5.608672699339987,-0.8276650515562604,5.6289841570356165,0.3663498096953003,0.2182014624800573,0.22639206021476013,0.22280301592046156,0.22196175178219135
HH247,1.0,6.420654760897241,0.2501712769216815,4.3520084293355135,0.12460630087168993,0.21023771982300465,0.22640006114451794,0.2188200153267201,0.2157141677215843
HH248,1.0,5.430374163594836,-0.2675519548134653,0.851547769465195,0.2738936061952708,0.22795991258689513,0.23324354277196385,0.23611513402322235,0.23640661230358206
HH258,0.0,3.6931283571963065,-1.5565660219609074,0.6567664851114752,0.24549127534153425,0.24055557029624375,0.22461175674958622,0.24579425261072718,0.24411038927520815
HH263,1.0,6.7114889878999495,-0.3665650901474316,5.783547105265938,0.2598664187676469,0.21562881166327774,0.2177518463511371,0.20691522033289567,0.2075315191064643
HH270,0.0,6.908883435205209,1.4790266118217923,0.5049940856154623,0.19468574515898016,0.2049449544952771,0.2039569123794434,0.22504227927326415,0.2035365786114625
HH276,0.0,5.912282027571616,-0.7014517317635703,0.4280685863981096,0.14826890823745684,0.2128814643941332,0.2135197276899041,0.2045276792379737,0.20395296204223365
HH283,0.0,4.898625572057952,0.6923544981968527,0.7301414480152822,0.16813011242366518,0.22272946293713414,0.22888651795736997,0.23176412445670352,0.22917381779080973
HH292,0.0,3.400488876697432,-0.5326640890609409,0.12778830924088713,0.2927938914388004,0.24928470811183118,0.2380468565659989,0.24417759444594947,0.25539985417171246
HH295,0.0,6.011855163530357,2.16990274234776,0.09906151264060216,0.1002139055765974,0.19676538198489396,0.1858486216774441,0.21226261164864674,0.18562091071988127
HH310,0.0,2.9807802891554136,-1.5725792861857302,0.4588812209643153,0.19699706341354256,0.25009261788176657,0.21798028978005082,0.24840062548216735,0.24658126466946498
HH313,0.0,6.1511514616109855,0.5441042376892347,0.1585530926952914,0.1996166306282848,0.2098905899727057,0.21959077988271977,0.21592960795672372,0.21053503185731973
HH319,0.0,6.932370332664095,0.13438309675524204,0.28703052194840395,0.2138690759064244,0.20118419112029695,0.22435170370072766,0.2008020131842402,0.20105970795166717
HH320,0.0,5.4824220340218535,-0.3444496084075385,0.9666676589751286,0.2610734618299087,0.2284739884484001,0.23168877558673726,0.23470743886976062,0.23510253463628852
HH324,0.0,4.890676783020483,-0.3957550547541948,0.04339663676001837,0.2536726642960513,0.22498069001983473,0.22437544682269595,0.22652744984733145,0.2259612931385159
HH326,0.0,6.433743845409385,-0.17582267247255026,0.9556692052529732,0.2729581671549346,0.21660024298573471,0.2150806353672914,0.2064718523249537,0.20645164148951958
HH327,0.0,4.431382759650466,0.8504312330107289,0.2198476388989279,0.28489119762326137,0.2232340837716918,0.2338945913272896,0.2232037574873163,0.2286772261276065
HH328,0.0,4.1501535369867835,1.1308113423511834,0.554931393880147,0.22195813443175846,0.22220454112906815,0.23093278642069973,0.21669864868016436,0.22318529450826424
HH329,0.0,5.724446496771064,0.4049001420559907,0.8788097969475697,0.2284211729430641,0.2123076262510823,0.2204656436231409,0.22019827732356834,0.21340397739744277
HH339,0.0,3.888676688588264,0.09217687190216853,0.3098940752100089,0.2605097331411645,0.2241679815017104,0.22915270196838403,0.22831143678321647,0.22938939228366773
HH340,1.0,6.137844365051558,0.3231025934604732,0.28750543340752555,0.1574221958583399,0.20744655434631715,0.2145618916197214,0.20570827765050367,0.2010180681272645
HH342,0.0,5.2945994117673685,0.05769654412701002,0.3985293264815663,0.30032962649203593,0.22137047658762898,0.23052411090178157,0.22960313138018465,0.22776645759859881
HH356,0.0,3.2879151379615923,1.1542441969466075,0.7920225603039918,0.14859302143342168,0.24750925619489153,0.217918006206102,0.2373624411707561,0.2381570911570242
HH358,0.0,5.811189862762477,1.8226095464967107,0.06722535508249672,0.3052676776578163,0.21936765774953193,0.23140320399124997,0.21952807605332325,0.2218815962237307
HH362,0.0,4.346583785654736,0.1601394086319886,0.6570098472786675,0.200357295135629,0.2311625137100053,0.2215337407521106,0.22961227946152052,0.2293999000656576
HH365,0.0,6.103323600895151,0.030543657635177805,0.7551076683675894,0.1947211480674572,0.23479844892621565,0.22165110601015153,0.23539711496610466,0.2341972919082879
HH366,1.0,4.809951201418535,-0.8861383990277005,3.7424373369954123,0.20924793788250826,0.2371233900246715,0.23615943639994297,0.2234738033925467,0.2362404580010797
HH369,0.0,5.781681152976889,-0.0400673838264179,0.27030710415625503,0.211160184658438,0.21481384761493794,0.22355964580095597,0.2142076087360522,0.214201807215612
HH377,0.0,6.387181435773914,-0.6757625777569586,0.14390153682773998,0.19793756415057595,0.21874302481893174,0.22868805750592913,0.21826737580021865,0.22051322705843607
HH378,0.0,5.997393061472103,-1.1233554239706711,0.04973486540511996,0.26080246132126444,0.23363640929486898,0.23354546213916297,0.2388307258951909,0.24020288547057259
HH381,1.0,5.475470104481834,0.905539697404984,5.355575279945319,0.17607636231513976,0.23462218211587313,0.22643795229891367,0.22593130406851186,0.2322357957893085
HH383,0.0,4.43800628816735,0.29185938721980514,0.5653553814764715,0.20890621599184306,0.22849058383663542,0.22144737514830148,0.2297949035032315,0.2278957866724561
HH386,0.0,6.433104891068077,-0.3208196229693768,0.501127258225565,0.10814833232672104,0.23637439046283742,0.2151658221674741,0.2305127643871122,0.22857064068244118
HH397,0.0,4.1937642937410935,0.9010955233149862,0.10197518256159577,0.18654242254494388,0.2327134238952885,0.22577563658663802,0.23123239803664855,0.2320867571680682
HH434,0.0,5.408745018903444,-1.6274374263398947,0.9846108362927004,0.26490260758680656,0.24588376328408468,0.25130693578269525,0.22569310561443126,0.24945010832621928
HH438,0.0,4.6462048192082115,-0.16053264978883885,0.2017840714839726,0.20423145226185327,0.21870448738209827,0.22263161044792765,0.22008731710228563,0.21796964813964254
HH443,0.0,3.077613887173505,-0.3675865225579124,0.1498544497502381,0.15023472060665544,0.23834911233930448,0.23547079905718202,0.24587356175349445,0.24905939064143057
HH445,1.0,3.9812164665206415,0.06657840984216742,1.6089146352095236,0.1429894665490124,0.20973203154562278,0.21970319201782418,0.2061667971136534,0.20748979535857115
HH446,0.0,5.661616330826925,2.2103935459286954,0.07472271876243652,0.23955081626739375,0.19325430539378688,0.2083012794039472,0.22103659839975992,0.19691522022895852
HH454,1.0,5.490012075040426,-1.356129736057199,2.687445961474628,0.12959518993285027,0.24080471866372885,0.23671061638587412,0.21383798952986113,0.23387062565407507
HH457,0.0,5.230788186664327,-0.5615766351497197,0.8384236411390171,0.31812502311474433,0.2213393308865785,0.23723858678769197,0.23570475302158284,0.23520188487421903
HH467,1.0,5.186373821950492,-1.1200460489371598,2.1489929510871684,0.09431544784509208,0.24021259625016447,0.23074829124494384,0.21323762538042723,0.23065733040613792
HH468,0.0,4.7196852413793255,1.117396084901816,0.14639423733069656,0.4731545532708285,0.2222265352461501,0.18180703694420777,0.186520104169001,0.18223661430627616
HH470,0.0,5.003909020718403,0.5195717356622864,0.40661126670084347,0.3479385720129041,0.2180332115229792,0.2338719229067257,0.2412187145578589,0.23383161285485743
HH477,1.0,5.257154208500683,0.12259370857737477,0.8076401537178192,0.23487787066658736,0.22602138758158982,0.22703925497607647,0.2292182654710088,0.2290463510501906
HH478,0.0,4.643190727451955,-0.10331805034682384,0.3586066572915841,0.11230974880787166,0.23007751476793112,0.21854759033931231,0.2188072653118485,0.22237949873228327
HH483,1.0,5.653863185979461,2.1762735842075207,0.6135366917024447,0.13542842363218952,0.18879896462034268,0.19175255792952897,0.21308808083110448,0.18415018863876298
HH501,0.0,3.68906979321533,-0.053790997391498535,0.8703430470657014,0.16117918849742424,0.2421630202199144,0.21840710778056496,0.23131702746232197,0.23496577410470756
HH508,1.0,6.305683517969612,-1.1375779954865868,2.0523748215235127,0.20341901463262954,0.20792690877136247,0.21987859520569109,0.20687419340856955,0.20599082826128973
HH511,0.0,4.267735171869068,-0.6666113385584909,0.13094425559973144,0.2583822878468752,0.21157687002955342,0.22367863544438724,0.22003493572499988,0.21439647977633106
HH520,0.0,4.141519211075732,0.6447255127896347,0.4824896192674003,0.15701517746317772,0.21887993629369942,0.22368341654706064,0.21262194657734973,0.2151075040249462
HH525,0.0,5.540535292014127,-0.9402753702678256,0.2695373021945905,0.1665645520027241,0.21866884197445027,0.22065104341753494,0.21860558288252055,0.21742274888888613
HH526,0.0,6.739275431878653,-1.069666229448323,0.4251018294265122,0.19352168105202275,0.25446772115432165,0.23420820155302952,0.24399411131649956,0.25368564307973196
HH529,0.0,5.0550365916756395,-0.5311186455212635,0.6448878528166191,0.1605970110615538,0.22355614460876985,0.2155570050403644,0.2164781229825746,0.21594129135311207
HH535,0.0,4.826579137575436,-0.5955111075619839,0.4448404708132561,0.3363605761177647,0.22809072895627477,0.20669549539961535,0.20576983687451916,0.20812329842716756
HH568,0.0,5.916602872096269,-0.2960010810035739,0.8414843970643523,0.1843170124413781,0.22019549244373018,0.22961433724705324,0.22314018345350045,0.22412636849123865
HH569,1.0,4.440065706629642,0.7467508127003242,5.509592271725994,0.20890022871335145,0.23208023241871026,0.22514869787629638,0.2307688466982118,0.23133244400125447
HH571,0.0,5.79054713360281,-0.8128324083702894,0.3508393467315877,0.24002729049959204,0.23980895315672235,0.23266309322574427,0.2330598036348376,0.24065030326895961
HH578,0.0,4.643754049514653,-0.07612445735438927,0.5438425598392654,0.20119852763297488,0.22610425275957166,0.2243912264775698,0.2222269320844422,0.2244794148780371
HH579,0.0,5.7015071289399195,-1.5405032828535483,0.8806147338401635,0.30656452108324783,0.23218933361272298,0.24087742283742788,0.2430356482665028,0.24502983496733463
HH587,0.0,4.123139592140253,1.8349091778985271,0.8691156461105037,0.303370272029202,0.22319426531548717,0.204016949746968,0.2147290210907031,0.20781583936877804
HH591,0.0,5.276811925444888,0.26352389850483193,0.4905884080138078,0.20368263599277464,0.22809010364248647,0.2248866185540999,0.22585107406388996,0.22749124429283493
HH601,1.0,4.939009168591593,0.822815542969532,3.3716865654253363,0.3451274441926062,0.21410760016794605,0.2294711290624271,0.2407472972704908,0.22943570403448862
HH610,0.0,6.2934104251485286,-0.13030707157903265,0.9389008768519276,0.16431496103805762,0.21728119574365803,0.23232412797048604,0.22413478175384335,0.2242631943667354
HH632,0.0,3.0624025905807213,-1.1522442144616492,0.2746548306501191,0.12894268819888982,0.24157470086904886,0.2417864420175213,0.24961677826641754,0.2564894055536389
HH634,0.0,3.7396637802749497,1.798366883788057,0.32226004708392103,0.15664916019484054,0.20222088483747166,0.19602339678845496,0.21544060484213046,0.19623035535830838
HH640,0.0,4.986629859489409,0.14101149088676415,0.5009278628606162,0.2346262942622823,0.2242755882480989,0.22005981477427958,0.22054980628773407,0.22011625556705947
HH644,1.0,5.838858940781617,-1.2128347991232182,5.571340688042941,0.260801152021274,0.22807826281226998,0.2425083630848995,0.2219975437635208,0.23403319745623577
HH652,0.0,4.828396456912338,1.3487329195519149,0.6343606831834638,0.2452134278647689,0.22082763850242484,0.22549357394982203,0.22728158471699506,0.22555907460932792
HH654,0.0,5.140504533532092,-1.2027400953343266,0.011244438035526327,0.14269062601987414,0.22748499945799563,0.21801934875641907,0.21569624753130826,0.21732554306927557
HH667,0.0,7.424254866120927,1.3698011536300687,0.3449617128146586,0.22872674912351826,0.2596167033873525,0.23274323997262697,0.24810152183663942,0.2615506818734177
HH676,0.0,5.332643866143849,-0.6868032063337516,0.906117073820256,0.26773313084580724,0.23412979678240034,0.24056430292035919,0.23156123836190598,0.24050872250842534
HH685,0.0,4.226236653571163,-0.686821009083024,0.9033135273879032,0.3620439329458268,0.2305935137242392,0.22662717219956757,0.2353201085265266,0.23436496116329877
HH690,0.0,5.600293386078165,-0.2371644145985664,0.006672921775606522,0.264398576519161,0.22001979344386882,0.23368200858393048,0.22496346436570933,0.22652659456982924
HH691,0.0,6.109558263278251,0.10578166291520992,0.6932540422379249,0.17941019198076025,0.2340930246132357,0.22035072698041103,0.23485440178634806,0.23298441798383399
HH706,0.0,4.927453727409553,-0.0276373017604106,0.9219753455516514,0.17579896058418995,0.2253305440678897,0.22080775511372794,0.21959453802871462,0.2208379745527672
HH714,0.0,4.539577208787594,-1.3780006513082377,0.647802179535355,0.16074239405432492,0.23790939756945806,0.23606329736232434,0.22866249645997536,0.24194907941914517
HH718,0.0,7.08389331436784,0.09296763094189367,0.8609105698529428,0.14114152920188194,0.20425097851938795,0.21810645808884924,0.20305907645093624,0.19924860782303275
HH728,0.0,4.702578738645795,0.7812701663669641,0.11574155645476154,0.1934567141172312,0.22360433439103475,0.22449100507434835,0.2288046120291535,0.22591297020394588
HH730,0.0,5.434984169264561,1.1817693011887684,0.6881650277568054,0.29559316101858896,0.21761060335253216,0.20724499052419568,0.20856820436925472,0.203674575086716
HH733,0.0,3.640679875274643,-0.8950897551318127,0.40685124961474894,0.17400630459236974,0.21624207853011732,0.22138858385327623,0.2086280569498942,0.2100808902737488
HH744,0.0,4.723974258801179,-0.8391507391655316,0.6531176439878345,0.2711807288450589,0.2405324526997062,0.24062004909293455,0.23160379912545312,0.24473859842062845
HH746,0.0,4.222766440036311,-0.3371747728740729,0.6716734529046843,0.2761309999699049,0.2132616620335861,0.22671498016837252,0.22073889645840059,0.2174609011412793
HH750,1.0,7.381686405996004,-0.0420343431648704,2.2007572734353693,0.18950628730047106,0.19592197732170258,0.22060329464034167,0.19264228180936188,0.19278448104577942
HH754,0.0,2.835448577506232,-1.5374265264290667,0.1486691778320156,0.2521806490380799,0.27221373148511907,0.2444611142362996,0.2534934689755062,0.27698565393782826
HH760,0.0,3.945690453869368,-0.4988299123420855,0.7151433274200323,0.2675611490367087,0.24411001207988592,0.2365876358069915,0.24322601390450135,0.25117543477809706
HH761,1.0,2.241072475762472,0.4693253854172265,2.7682926479272654,0.15885893034577495,0.2043713406498424,0.21624116590692122,0.19658068532005712,0.19658816175366686
HH766,0.0,4.612255983885056,-0.5128672107950288,0.7806065172614509,0.2290078912848769,0.2320529693586096,0.23349289683888985,0.2255823927278742,0.23359998554327524
HH767,0.0,4.393264431957577,-0.11992703610818575,0.4948293085404145,0.29837485330214336,0.2297373510104176,0.22629494278913703,0.23217871810761617,0.2319066044092338
HH775,0.0,6.718791134703294,-0.049574677061303404,0.3207820821386621,0.3527871652405641,0.2431858350631035,0.22733639108269915,0.25045183432338586,0.24811678672945403
HH778,0.0,5.19395027307776,-0.56121181894936,0.5885933625777596,0.21853240802142265,0.2221180717466802,0.22300231974653484,0.2229388934099497,0.22219426557985883
HH789,0.0,5.564001509491212,-1.9959152899374666,0.5120424080611121,0.2975011005119629,0.23508351800993607,0.23178646500739028,0.21366109715826048,0.2295952449004932
HH795,1.0,3.5235001006112485,0.8615678735414856,5.601828830921741,0.16496183188537245,0.2306749961830357,0.22882668109320972,0.24062380889728158,0.23804439669935382
HH799,0.0,6.234064550076872,-0.2280834264416427,0.4233566939128326,0.16560552377628154,0.22747083372178825,0.22223040223306617,0.22042122103284156,0.22199017892012124
HH802,0.0,5.986429116974126,0.4041947498336615,0.41233888865466384,0.1486382545734167,0.23662454801942545,0.22180300302953454,0.22893510960321667,0.2320333569248953
HH808,0.0,3.6781747647269176,0.5441977170347073,0.10369508135526352,0.21309691181424373,0.2298016452580188,0.21751128733163527,0.23489594928731367,0.229791125756909
HH812,1.0,5.136222779746434,-1.8186209392112729,0.9055584236384466,0.12608377859556485,0.24238021304041654,0.24091259973945806,0.21996767816023763,0.23914367404972708
HH820,0.0,5.154736569887811,0.5090766308765463,0.4973259035723244,0.18699018282115804,0.21613459509298216,0.21605528422769738,0.22110739699284582,0.21426151686223022
HH821,0.0,4.1221387248294405,-0.2630463963803648,0.0524924505862332,0.0885903999243748,0.2317253528229396,0.23246045360850626,0.23604730460041362,0.24060490783648167
HH826,0.0,5.8867839385230605,-1.6803493570489767,0.013574110145383568,0.31574857467981154,0.21486751476281346,0.22287399768646915,0.21910954870782964,0.21724939208995842
HH833,0.0,2.5618674404853197,0.6766404414699619,0.7702302547996037,0.11292740850666802,0.23600832168861435,0.2240548598271581,0.24500439542682392,0.24339971418518477
HH838,1.0,5.826579468423643,0.2954859612368666,3.7824449929225095,0.2558674557064287,0.22986644532702896,0.22943951407506302,0.23673804394208198,0.2361962750415586
HH840,0.0,6.7634532698603405,0.22063819421862646,0.0026888566797775852,0.14868488970269594,0.2369372010329037,0.21550321161929334,0.22906587909299253,0.22854050685224214
HH841,0.0,2.8993204066420075,-1.3461302163995603,0.8264034289976852,0.2416815064102993,0.2508917294720415,0.23059109690210602,0.23429221957021187,0.2495173539777729
HH844,1.0,6.1825718335726085,0.3723870767879027,2.5306998631521203,0.23284586607800195,0.2110105482264668,0.2187513219832439,0.21371792011658108,0.20955847385356088
HH845,0.0,5.978519339838008,-1.8124579219543917,0.6928225387152196,0.1678082164480505,0.25289085152416013,0.24216633885054664,0.2326305439193414,0.25107632253033063
HH846,0.0,4.426835572299226,-1.7083950859856443,0.35768546614983604,0.16042987524791086,0.24893489041426894,0.2414560252131866,0.21696171019243513,0.24166481051466357
HH853,0.0,5.326475683282609,-0.5810192267656578,0.7295972748579238,0.18475863605784956,0.23056295434712815,0.23035143244650746,0.21960867221128805,0.22815682273766585
HH862,0.0,4.2653673680489925,-0.6989099984807627,0.9134059471575372,0.1506591590367323,0.23022678826555965,0.2208156336911186,0.22968601798662555,0.22851345326694564
HH863,0.0,5.246883499827558,-1.567304069975726,0.45727848546043204,0.31344530676439497,0.24108375354848136,0.2438840785504877,0.22882157605281517,0.24437110749125793
HH865,0.0,4.43273486080249,-1.491630519340137,0.14387293161090908,0.33489159278836045,0.23094622472986612,0.23729785540448683,0.24874879176430803,0.2472455169572638
HH868,1.0,4.160582641446593,-0.9642636306158264,0.04509511159380786,0.3228836978679399,0.22186299698665088,0.2370183904490329,0.21519636278628887,0.22530070736210467
HH871,1.0,5.0390705071840145,0.7163587387333155,4.365521187683066,0.2285381917826513,0.21424028527705066,0.21640437424334963,0.22549019827857958,0.21541473410991918
HH900,0.0,5.879404416587951,-1.2222059400620406,0.5544373368840813,0.18322126728947014,0.2276754986299687,0.2320325605568452,0.21152626379996217,0.2235925349917736
HH902,0.0,4.495745026785872,-0.02093164238615917,0.4015270570420534,0.18868484589002785,0.22542530774461178,0.22221288663591562,0.22047258818585244,0.2223327830563368
HH907,0.0,4.459378992781239,1.4418227103780925,0.04539495684916983,0.2878185547285864,0.2151868436270582,0.20798206137476044,0.22121457324351265,0.21030832161233698
HH913,0.0,5.227847906060531,-0.3176162770269177,0.566322382156451,0.1695374721507778,0.2236435269616878,0.2193852328246053,0.22322664465833278,0.22039953711120028
HH918,0.0,6.513439870078403,0.02746067519506876,0.02568031806303983,0.2291290503321191,0.23541693133185876,0.226498931667752,0.23846859375822,0.2381775813973498
HH928,0.0,5.1768714819662245,0.14050491711605814,0.6394951435762188,0.2563382683671913,0.2230997691235052,0.21664346888221941,0.21605304443666842,0.21547259635992874
HH938,0.0,5.588530015543284,-0.4849928968629294,0.7415808282894982,0.1358945010971273,0.21875437860810124,0.22094347005624565,0.21745139835314892,0.21679524278461854
HH939,0.0,6.086236517395448,0.22908233605717865,0.5893861045397033,0.19416815820659772,0.2114543366417227,0.22023873478250278,0.21463626868187013,0.21007132391843444
HH942,0.0,6.254604909326491,1.4436799290157387,0.07929169277731829,0.20797467742537806,0.23098379905292718,0.22035816319496715,0.23336330670151587,0.2312326183853697
HH947,0.0,3.835124651407261,0.3939049136098137,0.8397157243611183,0.14660277268532246,0.21412666413189005,0.221606338099654,0.2092820253618782,0.2095939439025485
HH953,0.0,7.630056824035548,2.0377151149275887,0.1829025039724954,0.2375810640409509,0.20416456123708027,0.230058715909832,0.20230505058943662,0.2050069297138595
HH957,0.0,5.538998604272103,-1.0588525171658725,0.16167070509987647,0.12910343893334045,0.23009619507928755,0.22335880568837221,0.2080675280209602,0.21910703675739762
HH958,0.0,4.550097893486319,0.19289993802045474,0.7757713439702147,0.1867002556042716,0.22821204563627084,0.21947065203245392,0.22562740471826556,0.22475642512415592
HH961,0.0,4.714762965715208,-1.4327348475698165,0.14949721587321885,0.18724929584329225,0.24485935963705516,0.24095291011417894,0.22064449704945213,0.24108071051351415
HH968,0.0,5.447113189713005,-0.9316093773166686,0.8113060559241536,0.19508158135858555,0.22924622750305026,0.22425346556685366,0.22517867840856032,0.22639884988362727
HH978,0.0,4.244757358443537,-0.9696095341650578,0.39161079482950745,0.17603515053510144,0.23675221045052192,0.23203959676769897,0.2296199511648096,0.23969166383071394
HH981,0.0,6.847414019823392,-1.6266578737127295,0.1939813307605945,0.2378188153847573,0.23137841609319013,0.249103569556453,0.21249780339696112,0.23275759579858393
HH987,0.0,6.9265546353139555,-1.6334846004700536,0.5557662544699398,0.22386519839554514,0.2631427107920603,0.24181585576822331,0.24786547141134924,0.26339367691859455
HH995,0.0,4.987370888347375,-0.7484612594840347,0.6137290613766365,0.2519201199227237,0.23513393260178791,0.23947426665948907,0.22902364701484484,0.23950218925814049
HH1006,0.0,4.312949597957462,1.5772479504274146,0.7575471199841878,0.12168122873065346,0.2087444548728896,0.19801573007944004,0.2221129979217462,0.20260799652328448
HH1019,0.0,5.528764417558604,-1.846355677529472,0.3065258738403365,0.2105956566048608,0.25041745141825267,0.2496207899368696,0.22478710493095486,0.24957297687057503
HH1026,1.0,6.39736064669742,-0.13919587617567306,4.805296548115376,0.09793090198854612,0.20734172103033052,0.20820879256750124,0.19267687152704002,0.19260572653706315
HH1031,0.0,6.031522581994455,1.5977718175475264,0.6917547853425255,0.22806677564991826,0.24557418812674117,0.2339656046636603,0.23452685305755397,0.24739660825431573
HH1047,1.0,3.6992022254056818,-2.4344955040198286,4.916329371547358,0.12672314658821685,0.19499358550608972,0.20547825344562776,0.20689649533638793,0.1885522962287086
HH1049,0.0,4.663349918682826,-0.20369527840739932,0.12192515997863562,0.11730002658905553,0.2185939528385235,0.21640635068826097,0.21483811933338554,0.21179214955190356
HH1060,0.0,4.750995503258059,0.5234980779844021,0.071994721412455,0.12683293995641012,0.224283165191358,0.2362657490069027,0.23949485517986402,0.23777155538270206
HH1067,1.0,5.293680691206361,-0.6055344034927129,4.565376896959107,0.12527763444300513,0.22053234995289883,0.2107104483485337,0.2089656234984745,0.20838851028076
HH1081,0.0,6.567160737328494,0.32672598063416564,0.9232020224435352,0.284184751089883,0.2373483702349933,0.22100726108472446,0.24543242419827357,0.23986443221107967
HH1089,0.0,5.712359333993838,0.19868181575935345,0.8174868918767139,0.18301709506565936,0.21578607480368375,0.22029724501525882,0.21137944259202085,0.21155951771348025
HH1099,0.0,6.516668506375468,0.9223066046698231,0.2802238582082266,0.20084064282244388,0.1968014878524938,0.21475236576341294,0.20740985857451918,0.19579255887843183
HH1101,0.0,5.742420369206817,2.3197008365198637,0.6528317795105946,0.2681555078949713,0.19125420646609692,0.21091442110352424,0.2239753370024667,0.19823955211544303
HH1122,0.0,6.120771473733765,1.167876281822237,0.7580046088383046,0.38471998921590495,0.243483913272298,0.24298552872165508,0.2458334166093598,0.2572891638376056
HH1130,0.0,2.8896329680348343,0.21305101856252814,0.13597561501587366,0.18381284641796672,0.25236994873495644,0.22043936094909067,0.24772090265106125,0.24760224015876056
HH1131,0.0,6.072823534584018,-0.1916117247086944,0.7703834391131189,0.3619905559796645,0.2325387095459068,0.24526183925090864,0.2543349642649675,0.25432356622958024
HH1134,0.0,5.876582945139487,-2.8916060876686145,0.09870476476453494,0.21481511387698846,0.2656501924730254,0.2652051765171207,0.2258638419906391,0.2651102083401545
HH1135,0.0,4.971760716644716,1.2119813155903063,0.6212453964988106,0.1568704735369772,0.21323901136327963,0.21750675216771323,0.22609501665745216,0.2167549938606214
HH1139,0.0,7.214819474349313,-0.5113412776448735,0.6452976535519632,0.27904000890431896,0.20373107898734535,0.2382710405853004,0.21034219075827837,0.21184170945488232
HH1141,1.0,5.063483683833139,0.3692719154774338,4.013935600823297,0.1942262009313771,0.2241953955323165,0.22107438126972903,0.22208219769824275,0.2216599301393772
HH1144,0.0,4.422324242730414,-0.9196411698199621,0.7600742165574048,0.1953871287732519,0.2313937499068454,0.21931065004074154,0.22913326871170145,0.2281660206472666
HH1146,0.0,6.212363279004731,-0.7441674121142853,0.07068592024164677,0.17379250291510456,0.20924240424943547,0.21682044098993303,0.20421341191822343,0.20364551489055208
HH1149,0.0,4.113537275209002,-0.9875333638881082,0.3760668166213072,0.17455416957204106,0.2388481326683039,0.2333458029603458,0.21816637381825707,0.2335911186146289
HH1153,0.0,5.291215851331922,0.7591449152025934,0.2136842284771888,0.1820249032088474,0.2227378955795174,0.22529574726027066,0.22118824015362676,0.22203295764213582
HH1156,0.0,4.829859335099346,-0.11081705696415002,0.8426789443121472,0.17640009775003568,0.22334484170936428,0.21986543160341432,0.21786807038402323,0.21812811918947336
HH1171,0.0,4.1999722124911445,-0.2312582900763872,0.3233116601666685,0.11676697884984935,0.2376073748829094,0.21432417007864063,0.22002413538446705,0.22480694504689402
HH1175,0.0,4.664317601853701,1.324761964284476,0.8740999515660618,0.16030996260929434,0.22178491851849202,0.2280094718964268,0.23445665460755621,0.22929582724532044
HH1185,0.0,4.92278135835446,-1.5026663111104157,0.1592976903528346,0.2319852027808009,0.2359411782973984,0.23236828091118417,0.221716844350616,0.23495985534691455
HH1187,0.0,5.174132520507949,-0.1597910201403768,0.8268494286352581,0.2447475604339187,0.2241478230355172,0.22547096778856318,0.22752553237607484,0.2263449587981947
HH1194,0.0,3.7183508848978977,0.008602584587606741,0.6987808247899517,0.15856055010516995,0.21526592027720257,0.21726781293998448,0.20718654369411188,0.20750194405882524
HH1197,0.0,5.043056874151066,-0.7044878500850713,0.8713649720037996,0.2382142870905669,0.23524752452865227,0.23616629388611962,0.2262786731225575,0.2368757883777099
HH1200,0.0,6.763482852296437,0.8821549484911312,0.4429289286122132,0.2974695240767378,0.1944361241145413,0.22764152547425714,0.21726907106802681,0.2047618369084794
HH1207,0.0,4.627663784078465,-0.9706836592401692,0.08573151859544204,0.3931757341101396,0.22666977727530396,0.22677296361470897,0.23238022794190002,0.23118382277019162
HH1209,0.0,3.586306603463272,0.5683798770688363,0.9589212376622538,0.15756452314138955,0.22891835673835856,0.22203439630518787,0.23515483650810373,0.23291787181486734
HH1211,1.0,4.893557467935547,0.5533317306998661,0.9275594793507832,0.16110098264709258,0.219872572520889,0.21298997803677658,0.21868104096432178,0.21348943016945623
HH1212,0.0,6.376202709720713,-1.3853749147219416,0.9110139072002976,0.1827088765418188,0.20696193773887409,0.21650483202864007,0.20340772755330316,0.20232700801412373
HH1215,1.0,5.282737054016841,0.7131304672028769,2.1900794016651766,0.22151663807815306,0.22028980399148881,0.2202426758771827,0.2209116217200746,0.21798373396370574
HH1223,1.0,4.742249246060745,-0.15148168703840095,2.6654213107546383,0.4992728986736959,0.22691408453625467,0.18186137621866225,0.18279097534824426,0.18303914073626693
HH1224,0.0,4.792235739770237,0.5668934075586076,0.40680568136173545,0.14757614419676998,0.22386269498476405,0.23268133177466443,0.2357890450976269,0.2338213344573068
HH1230,1.0,4.5139597880746285,1.4682489685275464,0.8407558353854372,0.2385893687599741,0.21839363658220512,0.22433062446353844,0.2239086628411302,0.22211265698250043
HH1246,1.0,6.392166800102057,0.9729930633519296,0.33042087719157576,0.19640747385523788,0.21261942399831185,0.22337580836484702,0.21847888289898268,0.2139683632818717
HH1248,0.0,6.033557277018688,1.3097131233856272,0.17662070719776998,0.1970030143486025,0.24353571600164053,0.23013900741791773,0.23251500776640627,0.24286625388561367
HH1252,0.0,4.836737149570657,-0.9294522103726702,0.622659127696359,0.19829958038904194,0.22480930328204302,0.22467487153221116,0.2208895520100702,0.2222033459119685
HH1267,1.0,4.479060603326301,0.1359486478757086,2.524200801844672,0.13338777026813614,0.2297619749682882,0.2131773409611865,0.21932359943171964,0.21948933044183672
HH1269,0.0,4.65379666372778,0.5333408653062585,0.11800297537086304,0.1808979271178532,0.22305136391629135,0.21567612316854845,0.22376926127651,0.21903328877079625
HH1278,0.0,5.682201388549022,1.1454400164335368,0.18999873821209645,0.3621985820833075,0.23853118767663778,0.24119397357589867,0.24003934619437825,0.2503645151839689
HH1284,0.0,5.352598621108236,-1.4576861248656394,0.05491368476714198,0.1784908216901547,0.241227839235117,0.23829219126534198,0.22482112152087227,0.23985308370713876
HH1291,0.0,4.862576296291998,0.32782855483677226,0.6761539195472009,0.23055980846541546,0.2227799271541178,0.22394050037401328,0.22820759672971153,0.22502998908196697
HH1293,0.0,4.738361652623028,0.3598844887805965,0.8526056864269353,0.21473008257928566,0.2222585560703016,0.2200429228439114,0.2266614898865709,0.22234525991394763
HH1294,0.0,3.7137590891772367,-0.4364659734388489,0.7034529870008646,0.28850882271578443,0.20756968638649914,0.2270466465340056,0.216893965160168,0.21247716420397428
HH1301,0.0,4.2575759943150056,0.16124935470501614,0.1994172602307676,0.2770813966489668,0.23228230361078506,0.23164131460992085,0.24111889275080542,0.24063331106284985
HH1313,1.0,4.8837125464379705,0.4002897078955456,4.475445564491237,0.22858180164734204,0.22040769041564587,0.21881737128525938,0.2221780578589058,0.2194031833088659
HH1317,0.0,4.182903884224651,-0.44050568731160267,0.7156779328736411,0.29766897182122914,0.2121925642221556,0.22767228153276298,0.22172998491375265,0.21784720301464203
HH1325,0.0,6.0100510541851495,-0.890409102922427,0.7281119096036772,0.2066509687465056,0.22185795258606392,0.22800086246181717,0.2190635984471161,0.22239925654475948
HH1330,0.0,5.057319267426196,-0.9456900685396536,0.07448442414515699,0.3513851791978018,0.22643259948893565,0.24566832654994097,0.24426474875011392,0.24552400836783458
HH1332,0.0,6.511507467582628,-1.3294565825850704,0.8426458701502059,0.20132690067192704,0.2301977471588399,0.24197315814337728,0.21204198944272765,0.22887616195332394
HH1335,0.0,4.701349492596943,-0.4494267798539563,0.32009346741666034,0.19371304849573254,0.23370619109856122,0.22624115393095437,0.2249749250154561,0.23094448592673097
HH1340,0.0,5.506548285540752,-0.7228794736818337,0.9158503895456026,0.3111828777025452,0.2238102151896389,0.2270833254010761,0.23497605454358847,0.23063922614277602
HH1343,1.0,6.099250822093129,1.2191893562640872,3.523969198362334,0.32217091674602183,0.21620790916909066,0.2303391124239001,0.21738793532321174,0.21906355057570676
HH1344,0.0,4.361841211578644,0.8611533114642247,0.8251833981271625,0.18532650644912665,0.2331540500571123,0.22219453988258286,0.22852620623579098,0.22917047223950257
HH1345,1.0,4.774188914679688,1.0393881112046577,2.097718923354817,0.22562453914195635,0.20926828307721987,0.2114280085697947,0.21921893476324653,0.20973659451251803
HH1350,0.0,4.190606284690515,-1.334928028818377,0.1866647308077596,0.27388855221635033,0.2509701368244808,0.24551103701192595,0.24140961292784563,0.25883881000435943
HH1355,0.0,4.087688951678995,-0.9337325524641948,0.08526417281906673,0.1310110832900114,0.24853739837109737,0.2310273185977385,0.22463596597152538,0.24164336660787158
HH1370,0.0,4.7722455499861365,1.0638794791794006,0.0910067183926916,0.16172918507464729,0.22091502034538996,0.2152409385686782,0.215459650669698,0.21423835352928486
HH1371,0.0,6.3317129852562894,-0.01733483240927464,0.5821002572557175,0.2539861440203632,0.21299675837715587,0.22020674220935268,0.2115205756587472,0.21021977957015253
HH1374,0.0,6.084772659529826,1.5510997802781148,0.4713580438436147,0.17656975325108445,0.20257577178605324,0.213925273297907,0.2177544477530087,0.204499416190399
HH1375,0.0,5.0156160210199365,0.5758860434384602,0.22172549323800128,0.11788265469029376,0.22747244343254022,0.22059123212671572,0.2180450159135154,0.22082540847643475
HH1385,0.0,4.930535928560233,0.6300444029020124,0.495376722890711,0.1381480480848381,0.21856682300278668,0.20943920752692088,0.21532484530675383,0.20943623080794585
HH1387,0.0,4.8598790457019385,1.06913428305601,0.3420798003171989,0.1500018400395573,0.21088111991623454,0.2062579178004772,0.22028302014135007,0.20656622685508316
HH1389,0.0,4.820918783798669,-0.6860615072245138,0.6487188577879366,0.2235444297629886,0.22642798046020035,0.22370031557381925,0.2278916636542924,0.22719752230643667
HH1396,0.0,5.83853361339183,0.012436434901708728,0.5778257457171924,0.27914053691471025,0.21713506808722133,0.2260970194637464,0.21866121657885507,0.2187935739044878
HH1403,1.0,4.802640685391928,-1.3408469844055295,1.8343445206321731,0.3171964227365723,0.23112223599178117,0.21199896739794977,0.20879691130318698,0.2142412332973034
HH1406,0.0,5.531287787166404,0.3718569398977885,0.9989026405029856,0.1689025737781143,0.2181035552294572,0.21880064911846397,0.2117411519811917,0.21204540412347114
HH1411,0.0,3.53879875414108,0.21865655221571045,0.033740243782420916,0.09415901685743444,0.23791356767660712,0.22154982230625372,0.23497910234148114,0.23475466832021896
HH1415,0.0,4.248145000457576,-0.687982952756563,0.7312000145228635,0.10144139683833096,0.23377181049097862,0.2074115360663992,0.21861912583144355,0.2178260723984406
HH1424,0.0,6.220734704603766,-0.4476637209250237,0.18145157967694525,0.1255233092606545,0.21334983335966956,0.22075453724525823,0.2116969157147046,0.2111949608989427
HH1431,1.0,4.72873886995554,0.2548462427613757,5.1635357547032825,0.19373433012181865,0.22276379241536895,0.22201798599772612,0.22535145437420673,0.22411792334723443
HH1432,0.0,5.081820171391551,-0.4065380886267888,0.9049240794239999,0.1789702869593307,0.23033723014442598,0.22755294069625956,0.2209972946700444,0.2275368752555381
HH1437,0.0,7.453228994027902,-1.2620321597546795,0.22064924650415474,0.2963624183475733,0.24485260897624903,0.2387699271520675,0.2561953723728436,0.25749876087643964
HH1445,0.0,4.975844888053518,0.7786610942083919,0.4272504052548373,0.1291180027469522,0.2228594641657167,0.21172410585458837,0.21264852573074414,0.21178645977447036
HH1447,1.0,3.8830968728878528,-0.7772943537456903,1.5776593262328071,0.3619542764559174,0.2070635290021085,0.23038982443911268,0.22303942976208524,0.2169534182591065
HH1457,0.0,4.542637542094588,0.2278295375957037,0.7643874143027515,0.14030400734402482,0.22439998507691084,0.2255689104143334,0.22994123244173348,0.22940224119589345
HH1466,1.0,3.5367974009727567,-0.3742557342825936,0.6466617174663163,0.3251488638985424,0.23723815806225418,0.22639456739721375,0.24085243774816745,0.24011458827946866
HH1485,0.0,4.630680640009594,-0.015428024066521488,0.1329218498156487,0.22025774920074986,0.22573286930301237,0.2222948009426357,0.2243222327919621,0.2253782542692686
HH1489,1.0,4.307326615164305,-0.9913621778160809,4.452861764842961,0.1580823288207429,0.2295145420292973,0.2202955249803859,0.22948573515971651,0.22796581452327347
HH1495,1.0,6.08226615964941,-0.0033209022097734496,3.013047897666989,0.2347058693550634,0.21161812378444528,0.22753298095402705,0.21608519852152566,0.21439329630390178
HH1499,0.0,4.659008658162452,0.5671196992993164,0.41512969751550455,0.23692632583482634,0.22468815413603707,0.21829122143110838,0.22208236634966205,0.22005741104322696
HH1511,1.0,5.146858580370883,-0.7921244644846952,5.11863024804317,0.3459124696126061,0.22683916055686038,0.20587340195259873,0.2025944631323088,0.20550241449014317
HH1526,0.0,4.8009701504396585,1.0314756567427723,0.0044310661593115475,0.16649415632775608,0.22832001134755958,0.22644918368754227,0.2191324084956734,0.22529762713788462
HH1530,0.0,6.225241058116338,-1.1529020713430471,0.05581810003457498,0.23971279119487146,0.24022276487402094,0.24355179518790818,0.22951252648918635,0.24331501353041846
HH1532,0.0,5.544154226681223,-0.3928149497763795,0.7451612533362507,0.20756021979573386,0.22643193839828096,0.22161345555170198,0.22859129917989418,0.22588098787502578
HH1533,0.0,4.470203646076876,-0.28072621197487857,0.2991525809938257,0.42518253712540105,0.23470304577448728,0.25648164446589716,0.25994921914085384,0.2635556390784122
HH1534,0.0,5.438998016851582,0.8657148025977411,0.1855946507143484,0.21381677264182705,0.21876413887141363,0.2209581578195811,0.22122651076669814,0.21760038778319515
HH1537,0.0,3.9006570829518097,0.2130928663053408,0.26672088056725196,0.10649495588484513,0.20743707055152932,0.21699487684020002,0.20383422942813287,0.20410251543630312
HH1538,0.0,6.334136549039845,0.3622156835617675,0.6976668303703151,0.25048296468886994,0.23414861226333025,0.2196055139710937,0.24082234319224063,0.2354872807546828
HH1542,1.0,4.884302802958059,-1.1801725961522906,5.338278024482982,0.2296929234351481,0.2412074206368771,0.24269152138726674,0.22610368626991179,0.2427633058363442
HH1557,0.0,4.356970939570009,0.6408636489870626,0.031036505257003518,0.11748591246263615,0.20842907321716161,0.2126228288907175,0.20982956023323274,0.20548243997301488
HH1562,0.0,5.037506300380188,-1.5206133806341842,0.5523605875803764,0.13522040667137455,0.23518935614919975,0.2388039058731039,0.22703248016691746,0.24091874980070993
HH1563,0.0,4.557121135141892,-0.657263612277442,0.08729856516354895,0.2516670833267156,0.23165167664939348,0.22493786097514645,0.22283462356429032,0.2292713093802101
HH1566,1.0,4.542077202926828,-0.3212010142595881,5.444114484445918,0.21156569671509384,0.21658552626251582,0.22227694520142047,0.21959897379598353,0.21630364029277807
HH1570,0.0,4.266798137483186,-0.3141052786851649,0.3107827713751369,0.2335740914433969,0.21385361598359245,0.2238505710815398,0.21847502996463727,0.21509173816552812
HH1584,0.0,7.317881524385247,-0.6619524359316171,0.4639977048092122,0.16041796691272078,0.2329159982356788,0.22731655364171383,0.22150551733319532,0.22685299241391685
HH1593,0.0,4.385940772768662,0.5291228856051536,0.0524621653997146,0.14268196413949746,0.23054628770998226,0.22364278751148486,0.22838798419869538,0.22875931264964763
HH1595,1.0,2.0625362557406084,0.6881495699902433,4.431923541098789,0.14344089371256466,0.18364915111037347,0.21286235827421113,0.1837350663837534,0.18162824849872874
HH1596,0.0,5.212629067870044,-1.6329584915787207,0.7768208306891387,0.17924055620965196,0.22076055410785564,0.2192889239650476,0.22182198181210075,0.21974237832600207
HH1608,0.0,5.795876657067533,1.0426150692701577,0.3311720901111739,0.20372648757059286,0.22833024771939625,0.2207410756365888,0.2291183443044618,0.22763996560798172
HH1609,0.0,4.659816640584042,-0.8232709013169653,0.5587692101946026,0.2964969429077691,0.2386244008002641,0.24367766086339232,0.23941091236179007,0.24955876597096843
HH1610,0.0,4.507849817925413,-1.0889465476499498,0.17912506980025633,0.17125510255073464,0.24665588314000556,0.23626338835558644,0.22477424833439644,0.24291629593127043
HH1616,0.0,6.017787355595875,-0.6465196348302789,0.06699949534826699,0.2506285739632068,0.23293950804354033,0.23100613552510102,0.2375348478116531,0.2382502889094355
HH1620,1.0,5.399968728593558,1.6167349062193963,4.356068175413883,0.21411923883796746,0.23878307914458977,0.23306639719907477,0.22766569273306006,0.23949132175331073
HH1621,0.0,3.8058264898259813,0.7847283084580692,0.9695237967683396,0.14923558931912026,0.22543563436789135,0.22100858643540558,0.23423241639752065,0.22988449679615233
HH1623,0.0,3.483264814476815,1.1436483383229876,0.5526643126628082,0.17716249270221815,0.24487881204678172,0.22175884461577317,0.23882342022507413,0.23964794297544081
HH1631,1.0,3.5422639341729125,-2.001562144745222,5.291646169939563,0.2114017106250589,0.217418281812901,0.2289849342690788,0.21281941725546813,0.21569727393899843
HH1633,0.0,4.507571902168014,-0.0067612607224098896,0.7008759961287531,0.2253459247195593,0.22995500450298184,0.2256966381157801,0.22937445539799367,0.23074883654987474
HH1637,1.0,5.2027057783397455,1.979102223516597,2.1303475604426696,0.20090365907072524,0.19528319550354564,0.19855960966074596,0.22190134020699248,0.1948134066664853
HH1643,0.0,2.677932787178645,1.7736233111213846,0.0244928422387094,0.30046908299943,0.2561886403393512,0.2405957351084462,0.26804954044052787,0.2695437117991244
HH1649,1.0,7.080205334209152,-0.6152452109077423,3.786292504216987,0.1231399157746208,0.20592882732467424,0.22027687189766426,0.20431986355016427,0.2037797107626374
HH1655,0.0,6.212338823217435,-0.5416741059832917,0.240094155624059,0.21463033640237567,0.2213850745614186,0.23210709489644885,0.21536180893511508,0.22126909053524607
HH1659,0.0,4.20056868208353,-0.03889838265796277,0.79345348028247,0.17334604589724362,0.2292373431603776,0.22541130670696743,0.23008083696145304,0.23215111441949945
HH1662,1.0,3.8016216104311216,-1.5305139531259206,2.3020918455667685,0.26731554489313725,0.2391383078637964,0.22768851802522835,0.24748763318552985,0.24584446910996724
HH1667,0.0,6.406200735114028,0.15855014939803544,0.7794660026238455,0.15430114055828378,0.23438501870767547,0.21637035352068254,0.22703571014975524,0.22666015592279856
HH1674,0.0,6.526587247820197,-1.1457357630652003,0.5252402355573128,0.15525935709656002,0.22060299878343934,0.23468885476301793,0.2162759721679053,0.22442426339582033
HH1683,0.0,5.563768675749407,1.2080155280471605,0.5874687726594683,0.28112347918536984,0.220846029723771,0.22916673550534516,0.22114648227690276,0.2226910122549309
HH1687,1.0,4.7597553863820075,-2.4335158762389426,4.57011433162417,0.17493917531920875,0.2262594153306555,0.21301910504383037,0.22206534130832997,0.21980270549797226
HH1690,0.0,5.694276169923477,-0.3635181534828657,0.7818439495973599,0.14360266209109848,0.23005688353173787,0.21619477652087593,0.22003959017698085,0.22049295726840648
HH1695,0.0,3.9125438100239,-0.3820070122308077,0.1401586979676992,0.15316576631073525,0.2330439386127656,0.2350344090347153,0.24021718566186814,0.24291030588987705
HH1699,0.0,4.173302802510203,2.237768757222583,0.3855707631243232,0.15343160946021892,0.22136349619433648,0.2260347900021842,0.2385774363378189,0.22973947645728177
HH1708,0.0,2.785042790043697,-0.3062476772046084,0.8229792626858905,0.2893703810273882,0.2300243709118467,0.23799263438394105,0.23011405476163993,0.2384915388270073
HH1710,0.0,6.466830454626349,1.0534345785338086,0.01328650013979471,0.2028218403940178,0.1966428204056655,0.21021326805291074,0.21249551626894653,0.1961117777122525
HH1714,0.0,4.011708154997352,1.33830403925076,0.1588386921436019,0.2574376963033781,0.20788274830314984,0.2126530855314683,0.2281291328036864,0.21281195090188443
HH1721,0.0,5.271502366101397,0.573796116500508,0.2905922449728662,0.3094705504263188,0.22534132221492043,0.23605043536006604,0.23993432356406272,0.2390707272423741
HH1733,0.0,4.557165045765017,1.978316599521556,0.7151014119117421,0.11955355668925716,0.1980917239497795,0.1984767363051168,0.21239555867002802,0.1954564726726589
HH1737,1.0,4.884451893703137,0.01869793783471458,2.147485912551748,0.35495267691112586,0.22537618271948553,0.20198274841055514,0.20267612556108863,0.20252949318887653
HH1743,0.0,3.901056540181053,-0.05180095120824039,0.6075151982850958,0.257268831324016,0.23936956001321053,0.23098444431646772,0.24227441094873078,0.24506994607644736
HH1747,0.0,5.9108489257873575,0.08753824092940472,0.12462762994363852,0.21139595755930896,0.23360704722127287,0.22447293004926197,0.23229116140672154,0.23353552200329525
HH1748,0.0,5.6604135306947425,1.7817937775380062,0.5526171974286258,0.17136462624727586,0.19764783585004225,0.20359947871112397,0.2122128553130965,0.19333884474404434
HH1754,0.0,3.911734214803715,0.47811399134594396,0.04104081458187725,0.2560986183669742,0.2330191004194653,0.2259119173856988,0.24199260179849472,0.23861742177357054
HH1755,0.0,2.472863596660918,0.4556085718487434,0.17640719907019375,0.19174414594498507,0.24816700764847516,0.2248034406182417,0.2475659580075336,0.2475510638465312
HH1760,0.0,5.699366380069872,1.8411061069503591,0.2644103997102245,0.23721366246385875,0.22623461907525516,0.2232665938745817,0.23306164099564242,0.23048336336898578
HH1764,0.0,4.264023407801255,0.9652650343478304,0.18068512281802407,0.1462398739070959,0.21748274850683436,0.21348099966222125,0.2096036131877885,0.20863331236883645
HH1783,0.0,4.723192455837495,1.1244145684862,0.5683468827544859,0.17753774927240895,0.2157701570661133,0.21685262632495733,0.22640573279690684,0.21801664187292602
HH1784,0.0,4.2617078073030426,0.9201437372613418,0.6696122057032521,0.31694923056725194,0.21312849536298803,0.2248623575065245,0.23601241293667544,0.22497593117686268
HH1786,0.0,4.4728769230002,0.5573702554509009,0.8374836451888797,0.2912556208218938,0.22979521562682448,0.22780299476096338,0.23126852423621666,0.23185451259749087
HH1790,0.0,5.9220369510837365,-0.8524225308202329,0.2274871190372686,0.2071081864362325,0.22225661736620103,0.22779782264865125,0.21949788376382193,0.22272820910168722
HH1794,0.0,4.465761914539878,0.1019179987023255,0.4373338104937732,0.27045760964293186,0.22602573663472056,0.21834142206278323,0.22225104805845206,0.22233148202445477
HH1798,0.0,2.5944881237803687,-1.1356656071911762,0.7786943222426728,0.2818884726809649,0.25153128065369684,0.22649060832936063,0.23372449369012227,0.2472911536880504
HH1802,0.0,3.1460933099379984,2.1957525973225653,0.803590255047326,0.17028821829165386,0.22790133231992782,0.22346680649022216,0.24204889417899017,0.23385897308174827
HH1805,0.0,4.462554493883682,-1.7807701532647808,0.4226947447972607,0.1266180070353714,0.2272247313434759,0.2175123379335207,0.22729581316186476,0.22480803840945612
HH1813,0.0,4.838010852289819,-0.0005982927566793103,0.9310620317697088,0.1944626154917145,0.22680534178053063,0.2222288594758714,0.22364485189745267,0.22434489642649055
HH1828,0.0,5.3980103278484055,0.39662010996147984,0.17202784876494406,0.13201657250100707,0.22267876373408158,0.21572177878558768,0.2235716651375203,0.22007140307079517
HH1832,0.0,5.742539854278448,-0.379202094557941,0.2274613853510973,0.2684626130426757,0.2297341071492016,0.23644620161010427,0.23232353407366346,0.23628879205692668
HH1834,1.0,6.8070101701545855,0.3845464957888144,0.6544359801942485,0.23524413330671004,0.19905511271866252,0.22403424715684211,0.20886312266799048,0.2019779541470434
HH1847,0.0,4.208446464754094,-0.7840825513013567,0.9594570491826062,0.17039177965779825,0.23597153002024224,0.2301205143654592,0.21781490142240711,0.23033648260511666
HH1848,0.0,4.8312286523228485,-1.620010539674018,0.7911901934069191,0.12468982925877345,0.23654467176619925,0.23851356615392663,0.2160342392460567,0.23332503404532287
HH1854,1.0,5.369657207467128,0.8107558653970315,4.631883723640678,0.16212152031587915,0.21823494907004218,0.21207038695184305,0.22439427997183278,0.21667237309574258
HH1861,0.0,5.134662023344604,0.02869340074403288,0.8774336406971796,0.1464498137167866,0.22277864149752827,0.2157849115116458,0.21432410578437477,0.2144115818962189
HH1865,0.0,5.073753852268728,0.14932555025169375,0.7727855859867196,0.20548737025580788,0.22213918373337874,0.22213162414597004,0.22327855449156636,0.22149774139856393
HH1871,0.0,2.6149837698765985,1.727897192292773,0.487141416404798,0.2669619485912034,0.2035439655790609,0.20883699002842313,0.22705385601893424,0.2092652583969222
HH1876,1.0,5.398947120075642,-1.8373535898875235,2.734020381321104,0.19259288730875765,0.21890897822385877,0.21914708309632663,0.22048374194298145,0.21821333332915585
HH1878,1.0,6.231500677889162,0.5074057872296391,4.120834630305081,0.2712123604363632,0.23141364437737408,0.21860515393542324,0.24028478555481933,0.23345395225808735
HH1881,1.0,5.148795267738528,0.8895816741208736,2.9518109195173627,0.15067261217698,0.21493550687765983,0.21088372942290862,0.22109041696939202,0.2130271422336327
HH1886,1.0,5.975195863680337,-0.4561275140708867,1.2388152037000577,0.2955447225185636,0.21544383432810518,0.2253739700221192,0.21784656181634812,0.21745595735628184
HH1888,0.0,7.104185399561647,-0.31524045211579244,0.28660146741863224,0.3073980583015473,0.21308230828577152,0.21021204082405026,0.19773488377666856,0.19782698257063377
HH1889,0.0,5.22725706422364,-0.5523543523840023,0.13650224752943366,0.2320987789269296,0.22138829304121613,0.2251980737460574,0.22389151440935665,0.22337456090747462
HH1900,1.0,5.2308028425185045,-1.276764970502044,0.2426733677463655,0.121200491224633,0.22827206679717116,0.21541300003226285,0.21350960577265995,0.2152212099366992
HH1906,0.0,3.9685871288318175,-0.8426012993057858,0.5238892509053524,0.3597633637910351,0.23448863278039792,0.2039504332329749,0.2069673908114606,0.21072812027837776
HH1928,1.0,4.865962916493748,0.3614454475912295,1.1602026100330152,0.22395699782584227,0.22017304081970976,0.22133111429630012,0.2253676975885343,0.22135183746099288
HH1932,0.0,5.972295065193678,0.9190329362999052,0.2112522974724365,0.2166705308757404,0.22983673589444267,0.22273224555917712,0.2323375115878318,0.23096608814449834
HH1939,0.0,6.042054963580867,-0.5043612476228811,0.1052307275646236,0.15278404756699113,0.21759068749758484,0.22139252288057717,0.2060707783264334,0.2101288989553354
HH1952,0.0,4.466615652392832,0.35014768539310404,0.008701297610888779,0.18096655220949692,0.2239734251434546,0.2221337877075515,0.22785748616585966,0.22621905817877466
HH1975,0.0,4.55030669013337,1.6545024106427575,0.7155810685683404,0.11522172545548515,0.201008699796237,0.2017283186624563,0.21214522209767955,0.19818137027843893
HH1977,0.0,7.2406930905445375,1.4627172658119532,0.9704437498525036,0.1522536270748822,0.23369566223978366,0.2047901989914936,0.24920060601680413,0.23187169669205115
HH1978,0.0,5.885441607340439,0.2690646592597947,0.744801923646501,0.19984004361349936,0.2140049444983675,0.22153524326423676,0.21758675930454943,0.21473081321659793
HH1982,0.0,5.027680127731042,0.6944898175976443,0.04546956472876085,0.23260163619179536,0.21695489748257532,0.21649494373172615,0.22100897908179018,0.2156309775884031
HH1986,0.0,6.7555153630162295,-1.102531545231366,0.6299137353433024,0.13507813000817498,0.2343934277753678,0.212894838529198,0.23532772905271906,0.22830794873275542
HH1997,0.0,5.827659569748881,-1.2212011572256964,0.5178891017117371,0.23970178281267496,0.2283150151726,0.23968354674107054,0.21934219493704132,0.23150498227469193
HH2005,1.0,4.934723421308952,-0.2784856803609765,0.4511190058340096,0.1735889202478828,0.22871481178415293,0.2238171253172845,0.21933916247566612,0.22385499189659305
HH2018,0.0,4.9238314357269735,-2.025209732512588,0.12523013092622026,0.2340208695178364,0.2419451220802682,0.24684672733089918,0.22146514406325277,0.24240635047927872
HH2019,1.0,3.3475066738245363,-0.8433679494939496,1.4069124728747933,0.312168173807018,0.21137773158453602,0.23526405262580094,0.20473052566990452,0.2143384936390695
HH2023,0.0,5.4387893345319664,0.5756522894404112,0.16574523276105313,0.14768081224367274,0.2212369725482497,0.22389545136649824,0.21905384076825968,0.21966093280403437
HH2024,0.0,4.17048622025252,0.6945562842477713,0.13922766210408444,0.2990011231945061,0.217281961372953,0.2343208050462925,0.22960009759323097,0.22882227776135208
HH2027,0.0,2.715383565159819,1.7534282858587658,0.19386529889453666,0.15389321029492933,0.2117364312074712,0.22951291121739065,0.20004296207955152,0.2081643144802465
HH2033,0.0,5.764850169398001,1.2133382591246633,0.4148300913685163,0.1546805982581756,0.21880868796096709,0.20751430740718602,0.22926861010875527,0.21706250031754856
HH2040,0.0,4.149098519487772,2.563630611770376,0.6662203431794975,0.2008182161773448,0.18852599212888602,0.19469102807131572,0.21040153102585513,0.18836712260992292
HH2052,0.0,4.078860013801744,-1.045431232480422,0.9258028220556314,0.20811660923525246,0.23151350721321806,0.2215182489241168,0.2328287515025028,0.23123758490697843
HH2053,0.0,4.462575385422168,-1.396031695210327,0.6162589126921401,0.17387105117857213,0.2334993921979857,0.23511462937322725,0.23343710480377794,0.24013470638033219
HH2062,1.0,2.682216922683105,-0.05044614758507344,4.479737639094925,0.2515688443986941,0.19999437136214862,0.22654686176550617,0.205526658043885,0.2023793032081931
HH2088,0.0,3.846719605387052,1.9685383177869131,0.4803199760268172,0.2382859237901881,0.24051083735202425,0.23222752432874955,0.24269712660954665,0.2443894288915596
HH2090,0.0,4.59751400215298,0.4624708668355931,0.7851594803955765,0.3097309962318936,0.222351530791606,0.2335218900827869,0.2263212709508175,0.22944796096788714
HH2093,0.0,6.4347843360013615,-0.06111473189060829,0.833537808419932,0.14695686171155062,0.21258738412743255,0.22724354294847568,0.21736029161663176,0.21669506691768434
HH2096,0.0,6.268154292001082,-1.3228759084857962,0.29603021125345186,0.15734865916213422,0.2119992354494458,0.21946011003897375,0.21203029978256918,0.2105391680013018
HH2100,1.0,5.847657668823183,0.21722322798673285,2.5735573599731523,0.32118957337924114,0.21383859584062911,0.22995509005839115,0.22704675631247495,0.22166522122076412
HH2104,0.0,4.981249158900197,2.2743380782540914,0.11017161097403028,0.2530581093455997,0.21630322361114868,0.21024701834006543,0.2176814340565958,0.2085969309718498
HH2109,1.0,6.085213471557883,-1.9843852828281232,3.5633449052756703,0.28789273589120035,0.23090779471479647,0.23232060094691037,0.21101029868499246,0.22604134953048285
HH2112,1.0,4.607569318620909,0.6272055514045589,2.3992084506195424,0.18532224839483544,0.2247789317029867,0.22631948750274208,0.23069287733525906,0.22851246518742166
HH2116,0.0,3.958232095413085,0.8966660272928919,0.3894700080566603,0.3477314301493602,0.22184522133138507,0.22285252760590085,0.2445076781198791,0.23202932298673717
HH2119,0.0,3.074931860851052,1.464639790452004,0.40637249787801655,0.14975158283450746,0.2219619327369506,0.20132842806636045,0.2342073993639448,0.21752509191776156
HH2129,1.0,4.033709932146455,1.6026297049941325,5.340929078564164,0.14136170562266906,0.21871976780943367,0.20147594442220143,0.22500292260989072,0.21010224899331623
HH2139,1.0,5.338339544064416,-2.2847667629243635,3.2288478654841097,0.12977343809427333,0.21894175961182133,0.21636877732587934,0.2195146591427871,0.21663974875144187
HH2146,0.0,4.807045276710479,-1.1093699536246135,0.5502189617062145,0.18894898269627247,0.22491841153876105,0.22084027602789985,0.22570102334766903,0.22417565746794588
HH2152,0.0,5.463423133394341,-0.07796921891421724,0.4013576603515636,0.22646219890924205,0.22786896629377423,0.2263947598647868,0.2296714727936208,0.2297346911980566
HH2154,0.0,4.769090429719977,1.0441703980171593,0.995495942520105,0.2721328136744047,0.216072009422893,0.21165308829758286,0.22021169085227849,0.2121935165004914
HH2160,0.0,4.9694172110753625,1.3595141330065106,0.613126843665159,0.3463829288984443,0.20838414153273996,0.2114513674282133,0.22649885481356466,0.21268797035041037
HH2168,0.0,3.6310960429217696,-0.7154448051906781,0.9674480518234441,0.28809879911022473,0.2359738025795633,0.22452107592339401,0.239018496093599,0.23782451009285632
HH2172,0.0,3.5692948027378515,0.7748680877271561,0.1771225635794822,0.2689630290026119,0.2274064401250997,0.21861059203702904,0.2406781292427996,0.231677552710336
HH2178,0.0,5.530082931229607,0.8391367329279075,0.024259290165986824,0.15577332645224767,0.21209630865582052,0.22021458681628206,0.22256544875360584,0.21563488821757046
HH2184,0.0,4.175138615621113,1.2422396342395874,0.9582605892411928,0.20886340126359093,0.21639005960936467,0.2209462822266919,0.2172579925782243,0.21587544371970566
HH2199,0.0,5.833175283727428,0.6644099118439959,0.4686375811991286,0.15842209208732458,0.21455174750441408,0.21808172687812483,0.20675909074371143,0.2073332513237047
HH2206,0.0,4.518075203039903,0.6634128189708142,0.24871344095268694,0.13282819318292824,0.23102965824361946,0.2146554834825773,0.21944473794078004,0.2198884187410852
HH2216,0.0,5.560311734943482,0.8207911684675807,0.2645432682607083,0.1908028722436549,0.22033576634670612,0.21279432152691138,0.22802623788545984,0.21969856703950638
HH2217,0.0,5.622596614391139,0.18837492271749856,0.8277162909409986,0.18749920229797595,0.222147434607606,0.21936418453296783,0.22211217419331344,0.21923747649684716
HH2219,1.0,6.605773542422518,-0.10160273301677963,5.972140775217505,0.20709098031287312,0.23633698645386825,0.22387797098955983,0.23605878530059451,0.23594559035514084
HH2224,0.0,6.186234167954577,-0.7774924318223918,0.4648260592263853,0.1170477368970077,0.23442113711175683,0.21373422070665615,0.22020807735868198,0.2211289906506841
HH2229,1.0,4.0706429059816625,-1.4183524070715217,0.8205706585373866,0.2364428886353488,0.2564962015662582,0.2460229836755854,0.23379098283789274,0.2578545305429332
HH2239,0.0,4.322949129819061,0.12023121021017008,0.37824822457224894,0.2282250782045067,0.2130549126867028,0.22164804828439022,0.21361002986126054,0.21349734516114172
HH2245,0.0,5.232374289616302,0.2448478166441239,0.7263487291802057,0.17060519619177408,0.21904988383377375,0.22353800499060522,0.22355210552960994,0.22183279694266583
HH2247,0.0,6.161884390968188,-0.8835168928846371,0.062248617377688165,0.1689288451835456,0.22089896725275499,0.23415931649103697,0.22416562160432196,0.22753204382686312
HH2253,0.0,6.547766226564763,-0.6382102898571527,0.04247062602629659,0.10046821150438824,0.23539393938711967,0.2129829861255999,0.2310950753532368,0.2269411729328305
HH2254,0.0,4.841113334470502,1.0303754148610524,0.6696302182604081,0.1351004007811152,0.21564858164412717,0.22013830445715082,0.22831911357506046,0.2206772870989222
HH2272,1.0,5.932409775139942,0.7187569392003893,3.8268588232936134,0.19571562267335704,0.20598442904971764,0.21398177296080637,0.2159193459132717,0.2048487854849012
HH2279,1.0,5.204418307936433,-0.5296291658633537,4.655970560446566,0.4155118116484969,0.2255898432238788,0.21388582011282467,0.20881010978152018,0.21241341834836772
HH2286,1.0,3.967467640672873,1.9938927613299096,5.149745202011925,0.2506661446922881,0.19171345881976873,0.2019597762167172,0.21003416065744668,0.19295315105905148
HH2311,0.0,5.618591572646412,-0.4244570628181447,0.05180284457954687,0.1714734573207591,0.22188989023112926,0.22309664150172864,0.2126474545684877,0.2165956766298789
HH2325,0.0,3.6917490255066285,0.33505387456267666,0.9781270079269349,0.40487224372468056,0.2039839181893065,0.2245416504867585,0.2124511765418254,0.20989371027664347
HH2331,0.0,4.163496069427526,0.5458775664424883,0.5478241564653885,0.2953592481542208,0.23555587335342767,0.23676840442675892,0.24665761049059867,0.24706464878955947
HH2337,0.0,6.829893227644777,-0.8855007353554329,0.10946431926155452,0.20261692189728805,0.2536071882833499,0.23234763428554017,0.24562663015910335,0.2531775440299326
HH2340,0.0,4.580433181059222,0.4728759811307417,0.5048614551074332,0.13566652701231585,0.222244735512842,0.22127131002064387,0.2152278228441616,0.21689029613551114
HH2348,0.0,4.056913234384642,1.742425268594587,0.6888710249059206,0.30065923967061586,0.23761601810738717,0.24054407990693544,0.24887119199059257,0.2504292670743509
HH2352,0.0,5.392322555430906,0.6575883725126992,0.06269103738907389,0.18381240497857296,0.21606644493553762,0.21295805172965274,0.22129885888960033,0.21286721134903092
HH2356,0.0,4.543242779773085,1.0595358315278671,0.5764394144464448,0.11846854418808825,0.2309230833680394,0.21367346212253893,0.2172234570730033,0.21800879044325158
HH2368,0.0,5.275136498370619,-0.044412110507199655,0.6057912321381888,0.31035312023794376,0.22106109227355444,0.2374271741479746,0.23403740000785955,0.23401693208909746
HH2386,0.0,5.2322989690424055,0.11828350745962175,0.22150342242599866,0.11517576778911814,0.2266347703075398,0.21796546024947325,0.21984257579818112,0.21965456127170796
HH2389,0.0,2.3416128678199635,0.07854897988720404,0.7098918806041247,0.13228568624806206,0.2250113988801582,0.21447101396592722,0.21041113190893096,0.21504524696748006
HH2394,0.0,4.903237741803532,-0.8480719003571844,0.4505947261517379,0.3259693598544323,0.228581491137661,0.20907537339529353,0.20691247881890126,0.2102670411997253
HH2395,0.0,5.403115300412656,-0.5421354584700588,0.7713801872233467,0.15720382822462384,0.23227742008714974,0.22700045843822686,0.22463415606987788,0.23032895641657372
HH2407,0.0,3.7418032932613183,0.9917068155671354,0.828084554943256,0.29328638245098465,0.23694859363121037,0.22895713899439138,0.23811017001959162,0.23913146296415896
HH2411,0.0,4.796600377398595,-0.4199612097261681,0.30156280270757985,0.14317975340769276,0.22688042454626212,0.2135011513682304,0.21736481579719244,0.21688815452919785
HH2422,0.0,4.454145484903004,0.2312992958172334,0.2761302208867665,0.14397512570136572,0.22959103208597992,0.22293728231354254,0.2277987504443179,0.2278130298882323
HH2438,0.0,4.756683547076709,1.7630528366354157,0.043754834788108384,0.2612708566721433,0.22862143175078084,0.230021793611361,0.22793082573318593,0.23003438473774704
HH2439,0.0,4.041338165381959,0.3136560601401473,0.3464369191436505,0.1241608618953038,0.2170169942770629,0.21215141418988764,0.20509419346702856,0.20499808417734988
HH2445,0.0,4.776515049048884,1.395763926401619,0.7121157696254138,0.2541513488247404,0.2059043424961458,0.2084041808873477,0.2203614869104852,0.2072884700024655
HH2463,0.0,5.8748767270333815,-1.6495449042107273,0.6359237202707543,0.2593324541515672,0.21284514985746458,0.22629357213732854,0.2194290742119278,0.2180343019306325
HH2466,1.0,5.12757381915952,-0.006473016199043835,4.2078053802111,0.162885981762314,0.22469701767349284,0.22058820449286332,0.22188536391786864,0.2210802980239425
HH2474,0.0,3.855726275597644,-0.0507050489897276,0.6932632845964961,0.22924907999002125,0.23469089607304994,0.22456736367869592,0.23542773760789748,0.23506645718790126
HH2475,0.0,5.541940350784067,-0.014577485837930159,0.8050749485468099,0.2073707754325949,0.22898456193296096,0.22363845325234444,0.22855837704503815,0.22856064503241924
HH2481,1.0,4.776769876476638,0.9664488374568908,1.0539212321989748,0.1484683850453496,0.22111401801484673,0.21376332565795947,0.21372448252980977,0.21264301004614122
HH2484,0.0,5.481256133852615,0.3675017107558677,0.9090325551833136,0.20339022977792,0.2203712855858294,0.22428432960831102,0.22263653046137635,0.22105549746813585
HH2486,1.0,4.811821554270469,1.2246460328354625,5.652026282381098,0.2605990558109127,0.20791861064131936,0.21043268743844948,0.2210668646450725,0.20949786427183656
HH2498,0.0,5.749876023949013,1.231648449938343,0.6855260797106462,0.2382350959264424,0.2276643593117099,0.2248447844732578,0.2336104127999521,0.2318380567458655
HH2499,0.0,4.30982228145585,1.2717611007552594,0.378372741500692,0.17338082618818498,0.20860648489798103,0.20416830082858256,0.21833289049399038,0.20428045750067791
HH2510,0.0,7.633002455846626,-1.5533420834104932,0.18556713724456,0.35323208287902635,0.21562675158564118,0.2250045398077,0.19786886989699087,0.20653517262063853
HH2513,0.0,5.571719781424347,-0.16587918200195734,0.4548682171533376,0.21084776350573411,0.2269156062754122,0.2267037422182335,0.22488683606253976,0.22659237826770867
HH2514,1.0,4.423145092272786,-2.0931127068126907,3.760497474997417,0.15316821253818147,0.20401238866716398,0.2089732607585899,0.21489788959403577,0.1992369473769708
HH2517,0.0,5.196719924787169,1.1526964175890348,0.2197815801586801,0.2004026319347959,0.20976233999738442,0.20860899673550173,0.22300883892426926,0.20854040815988195
HH2520,0.0,6.1232843943028925,-0.16982016993311094,0.8249665641519546,0.1959980705698358,0.21448505602000506,0.22336026917058788,0.21419278453483143,0.21407116197809897
HH2524,1.0,5.364720028319104,2.4822206399093703,0.3423375517696554,0.17686798817118551,0.20056723192822712,0.20749399193303367,0.2223128378526436,0.20243436832051898
HH2532,0.0,4.784503358108546,-0.6561641728567846,0.035092942101209945,0.19709310147119968,0.21684263246778301,0.21947955316209308,0.22090071745399653,0.2154384800273357
HH2539,1.0,5.169538437721281,0.4950779047883886,3.1803867528890426,0.14428485545067934,0.2175013307067232,0.22339134351292664,0.2256055077323184,0.22198085695691086
HH2541,1.0,4.7169494824297225,2.8227736948526814,2.370999644741103,0.2137497530793748,0.188335317744459,0.18933209876314386,0.22674530135755044,0.18889706119081626
HH2547,1.0,4.663716722072984,0.3041173065987388,5.001233251998187,0.20669931172695413,0.21513070601431805,0.2189511535217178,0.21707880033009125,0.21492176007694522
HH2548,0.0,4.834273463416836,-0.4719585472565761,0.22267943206750984,0.2479095752369535,0.224802049726891,0.22896883880548213,0.22085834036895965,0.22586656938083313
HH2554,0.0,4.9663506692808586,3.209890473285234,0.4718651955386611,0.11898738990066693,0.21863439220560213,0.20499099837020363,0.21123814289223977,0.2073477024215022
HH2556,1.0,4.222644975671121,-0.8436997915875375,5.071769918672446,0.1116528752530456,0.23679335364217954,0.2239860605747595,0.21086607301575835,0.22420875783127767
HH2559,0.0,4.712748196780877,1.2013900409056504,0.9571071753052924,0.2977297912459234,0.2283756346934477,0.22961225172941316,0.2292302191454284,0.2306689554910819
HH2560,0.0,4.91366853221747,0.9699769207780748,0.7862230597926416,0.17453260959327907,0.22631811723414758,0.22561774386665792,0.22438784861410108,0.22542551174555575
HH2563,0.0,5.937991936982073,-0.6267349271410327,0.04920642190196756,0.1877401366238235,0.22897750283365673,0.21899196446904945,0.23100942702042043,0.22691633992163282
HH2576,0.0,3.983624556683087,2.2173221396127203,0.10019940125138084,0.28023454473958875,0.20283135875643504,0.20111692805465117,0.2383141002412639,0.20791060168975867
HH2578,1.0,2.3579351687002434,0.17598822515819929,2.5835578567289383,0.2056496780456077,0.2571865798429828,0.22207722112201111,0.2522039828067328,0.2556931082638036
HH2579,0.0,4.000409975002737,-0.24727870386531456,0.8290439928474344,0.10412944075321807,0.23254257220415692,0.23134313214236338,0.23585279482739288,0.24037229553498818
HH2590,0.0,4.8695334751828465,1.6560433998703534,0.9219432174838016,0.21510793521297272,0.22707765082262998,0.22821840469598234,0.2261183180241139,0.227549297305118
HH2591,0.0,6.636410785610192,-0.7923968498974719,0.4867582870337769,0.3123876913564897,0.2041844440755131,0.2358428608472301,0.2170350424352158,0.2165073008294122
HH2593,0.0,5.4555480113563215,-0.145508170087552,0.6177879973028028,0.21174884314942047,0.22077399267424247,0.22581658420556602,0.21951780207731536,0.22058802632322017
HH2604,1.0,6.38535790349699,0.6983560443267127,4.98855398982007,0.1699606162933399,0.20061325998926618,0.2128278506743123,0.2048426636547199,0.19591968405321536
HH2607,0.0,4.58726160281894,-0.2507717628849355,0.9201314594535602,0.16857529979488126,0.22848900940096314,0.22287108632611957,0.2181898274267965,0.22298339700043315
HH2609,1.0,5.9811357849546525,-1.275447964978752,0.04059822430545279,0.1904844531683282,0.22349254182092304,0.2319557117282268,0.22178441244148644,0.22682823347262865
HH2616,0.0,4.612012854562618,0.8255267366893179,0.6414161380655169,0.1348221857664633,0.22018229640282128,0.21234309272409133,0.2106867263088883,0.20983347444803677
HH2637,0.0,4.004760574192239,-0.9558404536305564,0.18771236301905805,0.11040558556636246,0.2071219454383241,0.21199737495038828,0.2085845512600694,0.19983325349623754
HH2644,0.0,3.272843029091459,0.015012672306534976,0.16059035172823075,0.22551590720643094,0.22546604733660353,0.22604312102368318,0.22301369159554066,0.2264207180692999
HH2649,0.0,5.606908861345644,-0.4610858706095982,0.7404343979102759,0.2997016861840877,0.2309101128669976,0.2413818883886911,0.23604853246474775,0.24124923154976613
HH2650,0.0,3.883121427356813,1.159131321845367,0.3011499326134064,0.19762409097394176,0.21872609033057844,0.208502900089849,0.23192309687368567,0.2177444917586266
HH2658,0.0,6.199396986236688,1.2509389718043928,0.3058509615838253,0.14759081111839922,0.2127533034424668,0.23033328690914404,0.22737422212916358,0.22179950623192138
HH2665,0.0,6.048322828074398,-0.18260753520563544,0.3674666626974925,0.09966532962184553,0.21397638940478386,0.2117370290953916,0.1994526320126516,0.2003760269369433
HH2685,0.0,5.2083159119978895,-0.21024482255284246,0.9036086009915096,0.17315924878807296,0.2262466915001997,0.21967450392659282,0.22032512538830307,0.22064795948342347
HH2688,1.0,6.8913180575778945,-0.2403570289707149,5.762184104643472,0.3813618118161111,0.20462673381845756,0.24984460554733293,0.22701054343373783,0.22563182972946136
HH2691,0.0,4.853065675827998,-0.9089399088427216,0.4703550205231468,0.30208224725627725,0.2374217983569717,0.2479094764521578,0.23510375913615938,0.24796401846799176
HH2704,0.0,3.902130094330744,-1.0926845511126224,0.8341350749699101,0.3844774771912559,0.2518879335781777,0.25879844377336186,0.26053996915993377,0.2757020453458599
HH2708,1.0,6.088315262044482,2.039393267338932,3.1090828606173564,0.19450852390387127,0.19832769706044284,0.1971721474398398,0.22370886535562454,0.19690567227351194
HH2710,0.0,3.84540397557758,0.5388412214620518,0.4948682687347139,0.2109168866141891,0.20375239383722396,0.2164750387252684,0.20703861629602835,0.20367492056089406
HH2715,0.0,6.030970085443353,-0.20882948576995625,0.3230468757274726,0.14859195753973642,0.2191700684151136,0.23519284049936087,0.22820772035050962,0.22886029935078667
HH2727,0.0,5.083877877942292,1.6758728393376543,0.25663427431869656,0.11051039549444393,0.20042246940473207,0.19605885167011133,0.21532622815806882,0.19376074359787682
HH2731,0.0,5.267746063272887,-0.2329379825942631,0.15176484620108546,0.1370132321280522,0.22749676174780034,0.22288225843634832,0.22208533378891201,0.22493947478662632
HH2750,1.0,4.891869137158869,-0.013224950010357036,4.265443079453563,0.1404804839714572,0.22515223266007717,0.21656991078228374,0.2153033820780776,0.2166136589447264
HH2753,1.0,6.17441615806309,-2.2860189326553577,4.9961074650957285,0.17223088785345034,0.20891018337715025,0.21300387967333878,0.2044641488777911,0.2026011987861923
HH2761,0.0,5.177450190191849,1.7611649499557656,0.8114698577713045,0.3206527832488227,0.22261309022627962,0.23467255812723312,0.24078254554053394,0.23829077126566364
HH2776,0.0,7.341121656314164,-1.1318698700491807,0.7598033025743377,0.18039647743682108,0.2144215880479885,0.23295735524619318,0.20970425694072323,0.21638668538782266
HH2779,0.0,4.776218540234303,-0.4449411409742439,0.5086652886649103,0.1335674246579362,0.23394062563829365,0.22463969722927907,0.21955617313599843,0.22766133080940631
HH2795,0.0,4.644527079591346,-1.5210480046513901,0.2518831546101941,0.27153935899705084,0.2328279686498458,0.2197144373815474,0.216716186240842,0.22325928130576042
HH2803,0.0,5.315202413920491,1.0862742185265744,0.8392788812614512,0.13523324457848673,0.22289263739215084,0.22482879075680784,0.21985062399656943,0.2210446371038231
HH2811,0.0,5.188425597044554,1.6215487472050687,0.4801857281500132,0.15743925546913004,0.2230330874034159,0.22022107709208888,0.2144232292545889,0.2157789344839528
HH2814,1.0,3.5382297497898323,0.094967736834841,3.0026467427733152,0.26866816835558754,0.23803957576756274,0.22760801084160082,0.24090475261501276,0.24224185566134468
HH2833,0.0,3.2375577744656683,-0.5245723739616687,0.9142533954038344,0.19275126729748412,0.25085024667740435,0.23019683686739043,0.23665351640093657,0.2489061531078913
HH2837,0.0,6.485733541102131,-0.009695731427389652,0.329524069598512,0.2177503139446036,0.20691469686447203,0.22535651221418837,0.20984908844482522,0.2076494324949558
HH2844,1.0,5.102590328025055,-1.495210024796589,0.2892149818443459,0.13331215566830146,0.21456126010715,0.2107349096081133,0.21979819145873167,0.2085004273981056
HH2850,0.0,4.53757201145128,0.5128047699411585,0.022481308157466632,0.20996559841601856,0.21167775819790668,0.21673444582666715,0.21560905970217908,0.2115914350346784
HH2851,0.0,4.647945155948841,-0.5081650880062807,0.8575099631984195,0.11747128885639795,0.23618680976376646,0.22427321495622898,0.21919867156948575,0.22863011879131231
HH2854,0.0,3.603221895710342,1.6803680783553112,0.2857218237266935,0.15892256695639295,0.2435815477178922,0.22056235978299185,0.2346801787802267,0.2359993794957878
HH2862,0.0,5.142588441771738,-0.4391506912807281,0.5641071053333945,0.11232429478901418,0.23081259972437462,0.21881229953163325,0.21235470783861865,0.21882307451897548
HH2867,0.0,3.3219976959682715,0.5925440702460444,0.3377307515648491,0.3206119303501437,0.19759538425037557,0.21912457376973912,0.20473336970190423,0.20081253300734406
HH2868,0.0,7.865601646335971,-2.0087911553981543,0.4221071953906158,0.17944916651732998,0.27995257032856025,0.24489179644940984,0.25921215634625816,0.2785186857879562
HH2879,1.0,5.410664789367857,1.83658951977074,4.238940453573626,0.19876795268892,0.2203715876118804,0.22639388613529085,0.21713716465344648,0.2187379830784521
HH2883,0.0,4.344518985710389,-0.9371058352376348,0.16869705880462105,0.4049215468622818,0.23245966431317755,0.19755975035442105,0.1982212553364155,0.20193293169937726
HH2887,0.0,4.315305260998407,0.9228092278748092,0.4254232953275374,0.3424247373472255,0.21791610403398423,0.2397376252807132,0.236905874488194,0.23573549603730973
HH2890,0.0,3.1891672105255755,2.5306179798553186,0.7575717400703689,0.13719751231173094,0.21872942280865065,0.1932411675230072,0.23341138293242555,0.20972776544135519
HH2897,1.0,6.6264905331919435,0.18200313887203826,5.580788128514434,0.16568211253954207,0.20715840018021153,0.21875056683790323,0.2083265990975209,0.2038121955910048
HH2913,1.0,3.7055204859017374,-0.5030404265949664,3.616990444674337,0.3919855975079201,0.20706509173401266,0.2340677202099436,0.22330745848132835,0.2191608255100364
HH2933,1.0,5.219386732388578,0.1058288540974152,2.445191537955598,0.37887915072528094,0.22296840571387033,0.19818185170012198,0.19735615218393132,0.19665576878887514
HH2935,0.0,5.4712587234214665,-0.9232352079165552,0.20433818214669008,0.2403315178868711,0.22531688208243403,0.22268839367755816,0.2168713329970296,0.2205398969905768
HH2936,1.0,3.878367983387891,-0.009120531507660273,2.927180693886645,0.16456098116797646,0.2314890550393254,0.22575087573955283,0.23276526342483422,0.2350804286599034
HH2943,0.0,5.445039355563792,-0.6375579476248145,0.09136363878470144,0.4435992088915321,0.2287149799714159,0.2581060651335576,0.2613239006652439,0.2620265013588712
HH2950,1.0,6.297092391701818,1.3216103299179354,1.1405420010572045,0.1564610918023487,0.19518537762632004,0.20571735959235604,0.20402900332345492,0.18920816487301823
HH2951,1.0,3.3492543250299085,1.9823125286332688,2.663466149573696,0.1885015038603856,0.20010010898620084,0.19721404171651383,0.21864598978379612,0.1974869815242604
HH2956,0.0,5.457174595297929,-0.01906090298175667,0.09068495840520817,0.20372596851794647,0.22094201797517463,0.2242344159549383,0.2201868217868681,0.22013971586465544
HH2958,0.0,6.438353627792884,-1.2464225571906071,0.3751131225618377,0.1307728064349117,0.22056747608825822,0.24180974819132753,0.22868262676012813,0.23359254019931472
HH2960,0.0,3.0452796079729416,1.5767047118764816,0.2042374197038579,0.33061750056587746,0.23133182425385515,0.22560505123110858,0.2625456525685679,0.24711116587398224
HH2961,1.0,4.2411434458154815,-0.019345187885661967,2.8867167684242387,0.13928813274083127,0.2189911523846043,0.21484691118455376,0.20852442332282795,0.20879601726291466
HH2983,0.0,3.126587101793933,1.5782968256959855,0.7969476427954154,0.32925547064648625,0.2198051356054165,0.21260981293178077,0.2497284055834275,0.22868453562604216
HH2987,0.0,4.110906305634867,2.387560623212753,0.8462729774076146,0.2147361971403007,0.23031359921967842,0.23742895256928787,0.21589831705712384,0.23127422052825106
HH2992,0.0,6.435589170638679,-1.6671317346981125,0.4641802113127617,0.12490347500357725,0.2102107407090409,0.21774387480286578,0.20983412068033921,0.20794974938186447
HH2995,0.0,4.3717247664313215,0.040518000568547916,0.12582305237382174,0.1952400601320874,0.22725607005874643,0.2234605419457856,0.22757296044111175,0.22862423545146282
